{"cameraMode":{"drawMode":0,"name":"Shaded","section":"Shading Mode"},"sceneLighting":false,"audioPlay":false,"sceneViewState":{"showFog":true,"showMaterialUpdate":false,"showSkybox":true,"showFlares":true,"showImageEffects":true,"showParticleSystems":true},"in2DMode":false,"pivot":{"x":0.6644729375839233,"y":1.400261402130127,"z":-5.098278999328613},"rotation":{"x":0.16140247881412507,"y":0.023234691470861436,"z":-0.0039482261054217819,"w":0.9866072535514832},"size":5.746893405914307,"orthographic":false}